Sample ID,Sex,Age (months),"INTERNAL Life time dose, mGy 134+137","Reasonable Total Life Time Dose mGy (Int+Ext,134+137)",Dose rate (uGy per h),teloFISH data,Mean Telomere Length (FISH),encoded sex
1606103,Male,6,2.756694047,34.91189405,3.554445752,[0.49151828 0.48034741 0.21224653 ... 0.26810088 1.1003307  0.17873392],0.4395574473630929,0
1607205,Male,1,0.03463306,0.91663306,0.727816499,[0.29602806 0.67583764 0.50827459 ... 0.37422415 0.24017371 0.53061633],0.4524691113805567,0
1607221,Male,1,2.459387199,20.0993872,4.946149779,[0.91601135 0.75403373 0.25693001 ... 0.54737263 0.22900284 0.64791047],0.53321704767867,0
1607231,Female,4,4.744018132,28.02881813,2.126615839,[0.56412894 0.24017371 1.01654918 ... 0.70376482 0.21783197 0.71493569],0.5831008008117499,1
1607262,Male,20,4.99736114,209.6213611,3.3165928769999997,[1.73148486 0.45800567 0.57529981 ... 0.4300785  0.73727743 0.75403373],0.8382958372218046,0
1607281,Female,15,18.0313229,90.65772290000001,2.2575035740000002,[0.27368632 0.46359111 0.10053783 ... 0.36305328 0.26251545 0.23458827],0.4130941215623393,1
1608013,Male,19,2.432320344,41.94592034,0.8601699140000001,[0.26810088 0.44124937 0.51944546 ... 0.79871721 0.94952396 0.25693001],0.5372920879985291,0
1607264,Female,18,31.13782005,219.2978201,5.1628285289999996,[1.07233752 0.54668187 0.70788294 ... 1.19849487 1.15644242 0.7359179 ],0.7556372917637061,1
1611301O210,Female,51,42.94336105,560.383361,2.4110843369999997,[0.42753326 0.84104903 0.47659445 ... 0.45556823 0.42052452 0.66583048],0.5897111668241201,1
1611302O211,Female,20,6.408630992000001,102.87423100000001,1.908857187,[0.82002281 0.80600532 0.58172558 ... 0.29436716 0.55369061 0.58873432],0.6794099223343784,1
161215T1,Female,20,0.0,0.0,0.0,[1.05832003 1.07934626 0.869084   ... 1.27559103 1.20550361 1.03729381],1.084547330180373,1
161215T2,Male,14,0.0,0.0,0.0,[1.03729381 1.11438997 0.58172558 ... 1.1704599  2.0045002  1.29661726],1.0540184183897707,0
161206O230,Male,6,0.387406965,29.21620697,1.087041744,[0.84432955 0.74976464 0.39852355 ... 0.78353783 0.25667618 0.56738946],0.6347205198818502,0
161206O231,Female,14,0.0,416.64,14.0,[0.64169046 0.59440801 0.15535664 ... 0.18237518 0.35124109 0.89161201],0.5175979387101177,1
161208O237,Male,5,4.852968146,60.12496815,4.210991485,[1.52654783 0.63493582 1.10776037 ... 0.88485737 0.91187592 1.0199501 ],0.8378268083076399,0
161213O246,Male,6,0.9806624829999999,33.13586248,3.197281856,[0.26343082 0.20939373 1.11451501 ... 0.20939373 0.27694009 1.21583456],0.5482780602372848,0
161216F117,Male,20,3.1367360239999997,99.60233602,3.200503658,[1.01319546 1.0942511  1.24960774 ... 0.76327392 0.58765337 0.4998431 ],0.6792462388636451,0
1611305O214,Female,20,18.40428466,603.0442847,4.167047842,[0.67490447 0.97265644 0.6285875  ... 0.61535408 0.82708881 0.53595355],0.6169696568684213,1
161213PF26,Male,5,0.050712956,26.10751296,1.512756131,[1.40935934 1.26379171 1.80636197 ... 0.9461896  1.09175723 1.53507684],0.8209201087346093,0
1606102,Female,6,2.826233764,15.05663376,3.6350250139999996,[1.23070815 1.64756092 1.11822407 ... 0.8800225  1.08514052 0.91310605],1.1747702852905009,1
161206O229,Female,10,8.014316053,59.01911605,4.0018833019999995,[0.251435   1.29025855 0.41023605 ... 0.46978645 0.31098539 0.38376921],0.5722751559062412,1
1611282O207,Male,6,1.795217228,176.51521719999997,7.404305107999999,[0.754305   0.77415513 0.60873737 ... 1.30349197 0.83370552 0.31098539],0.7263618017302699,0
1608031,Female,29,22.864333,316.864333,3.9734615489999996,[1.21085802 0.48301987 1.52846013 ... 0.74768829 2.6466842  0.72783816],1.016697544649011,1
1607263,Male,1,1.7776482580000001,19.41764826,4.407704123,[1.03220684 1.95854631 2.30261525 ... 0.8800225  0.6947546  2.09088052],1.469960396795858,0
161216O247,Male,33,22.01658063,182.79258059999998,3.790825255,[0.20267387 0.36801308 0.42134831 ... 0.96003413 0.45868298 0.19200683],0.4590263209358555,0
161208O236,Female,11,9.786260503,122.6822605,8.167047842,[0.49601764 1.1147063  0.69335799 ... 0.83736311 0.49068411 0.53868582],0.7793221536765751,1
1611303O212,Male,6,3.3559476989999997,32.1847477,3.755422636,[0.36801308 0.25067558 0.30934433 ... 0.24000853 0.51201821 0.581354  ],0.5213474256862466,0
1611261O205,Female,6,4.31522009,179.03522009999998,7.971839612999999,[0.42134831 0.56001991 0.48001707 ... 0.49068411 0.93870004 0.49601764],0.5659545672735029,1
1608012,Male,14,8.023479819,75.66027982,2.241842144,[0.34134547 0.22400796 0.11733751 ... 0.6026881  0.24000853 0.15467217],0.2854634831460674,0
1607261,Female,20,29.20007106,613.8400711,15.84912167,[0.58668753 0.21867444 0.53868582 ... 0.3946807  0.22934149 0.47468354],0.5550197340349879,1
1606101,Male,8,2.166894434,42.08369443,7.348438217999999,[0.77336083 0.25067558 0.49601764 ... 0.34134547 0.14400512 0.57602048],0.4010687046650548,0
1608011,Male,14,12.40878598,41.57358598,2.630866592,[0.58336203 0.63737703 0.95066405 ... 1.58804108 0.84263404 1.22073906],0.9004233425834025,0
161126F109,Male,6,0.70511342,29.53391342,1.659009732,[0.37810502 0.91825505 0.70219503 ... 1.22073906 0.72380104 0.55095303],1.012659766250076,0
1611262F110,Female,9,8.201321444,268.20132140000004,15.3923913,[1.89052509 1.9985551  0.33489302 ... 0.55095303 0.70219503 1.33957207],1.0649125294550563,1
1611281O206,Female,6,0.312735614,29.14153561,1.570283204,[0.76701304 0.46452902 0.92905805 ... 0.59416503 0.77781604 1.23154206],0.7252054258070179,1
1611304O213,Female,6,4.07603459,32.90483459,3.917405402,[1.03708805 0.36730202 0.91825505 ... 0.97227005 0.35649902 1.78249509],0.7133176239700577,1
161206O228,Male,6,1.054133624,29.88293362,3.237477534,[0.34569602 0.61577103 0.37810502 ... 0.58336203 0.56175603 0.91825505],0.7081816974664713,0
